{"id":1709317693,"isReadOnly":false,"folder":"C:\\Users\\MSI\\Documents\\Nicepage\\Site_1709317693","items":[{"id":311903735,"status":2,"title":"Blog Template","order":1,"templateKey":"blog","customTemplate":false,"customTemplateFilename":null,"pageLinks":[],"dateCreated":"2022-12-30T12:32:15.536Z","dateUpdated":"2022-12-30T12:32:15.540Z","folderId":null,"pageName":"Blog Template"},{"id":243211239,"status":2,"title":"Post Template","order":2,"templateKey":"post","customTemplate":false,"customTemplateFilename":null,"pageLinks":[],"dateCreated":"2022-12-30T12:32:15.576Z","dateUpdated":"2022-12-30T12:32:15.580Z","folderId":null,"pageName":"Post Template"},{"id":70054637,"status":2,"title":"Product List Template","order":3,"templateKey":"products","customTemplate":false,"customTemplateFilename":null,"pageLinks":[],"dateCreated":"2022-12-30T12:32:15.612Z","dateUpdated":"2022-12-30T12:32:15.616Z","folderId":null,"pageName":"Product List Template"},{"id":57770875,"status":2,"title":"Product Details Template","order":4,"templateKey":"product","customTemplate":false,"customTemplateFilename":null,"pageLinks":[],"dateCreated":"2022-12-30T12:32:15.644Z","dateUpdated":"2022-12-30T12:32:15.644Z","folderId":null,"pageName":"Product Details Template"},{"id":88349342,"status":2,"title":"Shopping Cart Template","order":5,"templateKey":"cart","customTemplate":false,"customTemplateFilename":null,"pageLinks":[],"dateCreated":"2022-12-30T12:32:15.688Z","dateUpdated":"2022-12-30T12:32:15.692Z","folderId":null,"pageName":"Shopping Cart Template"},{"id":103958686,"status":2,"title":"Checkout Template","order":6,"templateKey":"checkout","customTemplate":false,"customTemplateFilename":null,"pageLinks":[],"dateCreated":"2022-12-30T12:32:15.720Z","dateUpdated":"2022-12-30T12:32:15.724Z","folderId":null,"pageName":"Checkout Template"},{"id":36516210,"status":2,"title":"Login Template","order":7,"templateKey":"login","customTemplate":false,"customTemplateFilename":null,"pageLinks":[],"dateCreated":"2022-12-30T12:32:15.752Z","dateUpdated":"2022-12-30T12:32:15.760Z","folderId":null,"pageName":"Login Template"},{"id":21993389,"status":2,"title":"Page Password Template","order":8,"templateKey":"password","customTemplate":false,"customTemplateFilename":null,"pageLinks":[],"dateCreated":"2022-12-30T12:32:15.792Z","dateUpdated":"2022-12-30T12:32:15.792Z","folderId":null,"pageName":"Page Password Template"},{"id":304983519,"status":2,"title":"404 Not Found Template","order":9,"templateKey":"404","customTemplate":false,"customTemplateFilename":null,"pageLinks":[],"dateCreated":"2022-12-30T12:32:15.848Z","dateUpdated":"2022-12-30T12:32:15.852Z","folderId":null,"pageName":"404 Not Found Template"},{"id":484000560,"status":2,"title":"Startseite","order":50,"templateKey":null,"customTemplate":false,"customTemplateFilename":null,"pageLinks":[],"dateCreated":"2022-12-30T12:53:56.149Z","dateUpdated":"2022-12-30T12:53:56.157Z","folderId":null,"pageName":"Startseite_484000560"},{"id":1684807850,"status":2,"title":"About","order":100,"templateKey":null,"customTemplate":false,"customTemplateFilename":null,"pageLinks":[],"dateCreated":"2022-12-30T12:32:15.880Z","dateUpdated":"2022-12-30T12:32:15.884Z","folderId":null,"pageName":"About_1684807850"},{"id":6798469,"status":2,"title":"Kontakt","order":101,"templateKey":null,"customTemplate":false,"customTemplateFilename":null,"pageLinks":[],"dateCreated":"2022-12-30T12:32:15.924Z","dateUpdated":"2022-12-30T12:32:15.928Z","folderId":null,"pageName":"Kontakt_6798469"},{"id":2410330970,"status":2,"title":"Links","order":102,"templateKey":null,"customTemplate":false,"customTemplateFilename":null,"pageLinks":[],"dateCreated":"2022-12-30T12:34:20.892Z","dateUpdated":"2022-12-30T12:34:20.896Z","folderId":null,"pageName":"Links_2410330970"}],"metaTags":null,"order":65536,"headHtml":null,"customCss":null,"headerHtml":"<section class=\"u-clearfix u-grey-90 u-header u-block-8dc4-1\" custom-posts-hash=\"[]\" data-style=\"header-imglogo-menu\" data-post-id=\"post0\" data-section-properties=\"{&quot;grid-spacing&quot;:&quot;0&quot;,&quot;align&quot;:&quot;left&quot;,&quot;stretch&quot;:true}\" id=\"sec-d96e\" data-source=\"\" data-id=\"8dc4\">\n  <div class=\"u-clearfix u-sheet u-block-8dc4-2\">\n    \n    \n  <nav class=\"u-menu u-menu-one-level u-offcanvas u-block-8dc4-11\">\n      <div class=\"menu-collapse\" style=\"font-size: 1rem; letter-spacing: 0px; font-weight: 500;\">\n        <a class=\"u-button-style u-custom-active-border-color u-custom-active-color u-custom-border u-custom-border-color u-custom-borders u-custom-hover-border-color u-custom-hover-color u-custom-left-right-menu-spacing u-custom-padding-bottom u-custom-text-active-color u-custom-text-color u-custom-text-decoration u-custom-text-hover-color u-custom-top-bottom-menu-spacing u-nav-link u-text-active-palette-1-base u-text-hover-palette-2-base\" href=\"#\"><svg class=\"u-svg-link\" viewBox=\"0 0 24 24\"><use xmlns:xlink=\"http://www.w3.org/1999/xlink\" xlink:href=\"#menu-hamburger\"></use></svg><svg class=\"u-svg-content\" version=\"1.1\" id=\"menu-hamburger\" viewBox=\"0 0 16 16\" x=\"0px\" y=\"0px\" xmlns:xlink=\"http://www.w3.org/1999/xlink\" xmlns=\"http://www.w3.org/2000/svg\">    <g>        <rect y=\"1\" width=\"16\" height=\"2\"></rect>        <rect y=\"7\" width=\"16\" height=\"2\"></rect>        <rect y=\"13\" width=\"16\" height=\"2\"></rect>    </g></svg></a>\n      </div>\n      <div class=\"u-custom-menu u-nav-container\">\n        <ul class=\"u-nav u-spacing-2 u-unstyled u-block-8dc4-23\"><li class=\"u-nav-item\"><a class=\"u-active-grey-5 u-border-active-palette-1-base u-border-hover-palette-1-base u-border-no-left u-border-no-right u-border-no-top u-button-style u-hover-grey-10 u-nav-link u-text-active-grey-50 u-text-body-alt-color u-text-hover-black\" href=\"Startseite.html\" data-page-id=\"484000560\" style=\"padding: 10px 20px;\">Startseite</a><div class=\"fake u-nav-popup u-block-8dc4-24\"><ul class=\"u-border-1 u-border-grey-30 u-nav u-unstyled u-block-8dc4-25\"><li class=\"u-nav-item\"><a class=\"u-button-style u-grey-5 u-nav-link\" href=\"#\">Menüpunkt1</a></li><li class=\"u-nav-item\"><a class=\"u-button-style u-grey-5 u-nav-link\" href=\"#\">Menüpunkt2</a></li><li class=\"u-nav-item\"><a class=\"u-button-style u-grey-5 u-nav-link\" href=\"#\">Menüpunkt3</a></li></ul></div></li><li class=\"u-nav-item\"><a class=\"u-active-grey-5 u-border-active-palette-1-base u-border-hover-palette-1-base u-border-no-left u-border-no-right u-border-no-top u-button-style u-hover-grey-10 u-nav-link u-text-active-grey-50 u-text-body-alt-color u-text-hover-black\" href=\"Links.html\" data-page-id=\"2410330970\" style=\"padding: 10px 20px;\">Links</a></li><li class=\"u-nav-item\"><a class=\"u-active-grey-5 u-border-active-palette-1-base u-border-hover-palette-1-base u-border-no-left u-border-no-right u-border-no-top u-button-style u-hover-grey-10 u-nav-link u-text-active-grey-50 u-text-body-alt-color u-text-hover-black\" href=\"About.html\" data-page-id=\"1684807850\" style=\"padding: 10px 20px;\">About</a></li><li class=\"u-nav-item\"><a class=\"u-active-grey-5 u-border-active-palette-1-base u-border-hover-palette-1-base u-border-no-left u-border-no-right u-border-no-top u-button-style u-hover-grey-10 u-nav-link u-text-active-grey-50 u-text-body-alt-color u-text-hover-black\" href=\"Kontakt.html\" data-page-id=\"6798469\" style=\"padding: 10px 20px;\">Kontakt</a></li></ul>\n      </div>\n      <div class=\"u-custom-menu u-nav-container-collapse\">\n        <div class=\"u-black u-container-style u-inner-container-layout u-opacity u-opacity-95 u-sidenav u-block-8dc4-14\">\n          <div class=\"u-inner-container-layout u-sidenav-overflow\">\n            <div class=\"u-menu-close u-block-8dc4-15\"></div>\n            <ul class=\"u-align-center u-nav u-popupmenu-items u-unstyled u-block-8dc4-16\"><li class=\"u-nav-item\"><a class=\"u-button-style u-nav-link\" href=\"Startseite.html\" data-page-id=\"484000560\">Startseite</a><div class=\"fake u-nav-popup u-block-8dc4-26\"><ul class=\"u-border-1 u-border-grey-30 u-nav u-unstyled u-block-8dc4-27\"><li class=\"u-nav-item\"><a class=\"u-button-style u-nav-link\" href=\"#\">Menüpunkt1</a></li><li class=\"u-nav-item\"><a class=\"u-button-style u-nav-link\" href=\"#\">Menüpunkt2</a></li><li class=\"u-nav-item\"><a class=\"u-button-style u-nav-link\" href=\"#\">Menüpunkt3</a></li></ul></div></li><li class=\"u-nav-item\"><a class=\"u-button-style u-nav-link\" href=\"Links.html\" data-page-id=\"2410330970\">Links</a></li><li class=\"u-nav-item\"><a class=\"u-button-style u-nav-link\" href=\"About.html\" data-page-id=\"1684807850\">About</a></li><li class=\"u-nav-item\"><a class=\"u-button-style u-nav-link\" href=\"Kontakt.html\" data-page-id=\"6798469\">Kontakt</a></li></ul>\n          </div>\n        </div>\n        <div class=\"u-black u-menu-overlay u-opacity u-opacity-70\"></div>\n      </div>\n    </nav><h1 class=\"u-custom-font u-text u-text-white u-block-8dc4-22\">evoner​</h1></div>\n  <style data-mode=\"XL\" data-visited=\"true\">@media (min-width: 1200px){ .u-block-8dc4-1 {background-image: none}\n.u-block-8dc4-2 {min-height: 110px}\n.u-block-8dc4-11 {margin-top: 37px; margin-right: 0px; margin-bottom: 0px; margin-left: auto}\n.u-block-8dc4-23 {font-weight: 500; font-size: 1rem; letter-spacing: normal}\n.u-block-8dc4-16 {font-size: 1.25rem}\n.u-block-8dc4-22 {font-weight: 700; font-family: Aldrich; margin-top: -44px; margin-right: 938px; margin-bottom: 29px; margin-left: 29px} }</style>\n  <style data-mode=\"LG\">@media (max-width: 1199px) and (min-width: 992px){ .u-block-8dc4-1 {background-image: none}\n.u-block-8dc4-2 {min-height: 110px}\n.u-block-8dc4-11 {width: auto; margin-top: 37px; margin-right: 0px; margin-bottom: 0px; margin-left: auto}\n.u-block-8dc4-23 {font-size: 1rem; letter-spacing: normal; font-weight: 500}\n.u-block-8dc4-16 {font-size: 1.25rem}\n.u-block-8dc4-22 {font-weight: 700; font-family: Aldrich; margin-top: -44px; margin-right: 767px; margin-bottom: 29px; margin-left: 0px} }</style>\n  <style data-mode=\"MD\">@media (max-width: 991px) and (min-width: 768px){ .u-block-8dc4-1 {background-image: none}\n.u-block-8dc4-2 {min-height: 110px}\n.u-block-8dc4-11 {width: auto; margin-top: 37px; margin-right: 0px; margin-bottom: 0px; margin-left: auto}\n.u-block-8dc4-23 {font-size: 1rem; letter-spacing: normal; font-weight: 500}\n.u-block-8dc4-16 {font-size: 1.25rem}\n.u-block-8dc4-22 {font-weight: 700; font-family: Aldrich; margin-top: -44px; margin-right: 547px; margin-bottom: 29px; margin-left: 0px} }</style>\n  <style data-mode=\"SM\">@media (max-width: 767px) and (min-width: 576px){ .u-block-8dc4-1 {background-image: none}\n.u-block-8dc4-2 {min-height: 110px}\n.u-block-8dc4-11 {width: auto; margin-top: 37px; margin-right: 0px; margin-bottom: 0px; margin-left: auto}\n.u-block-8dc4-23 {font-size: 1rem; letter-spacing: normal; font-weight: 500}\n.u-block-8dc4-16 {font-size: 1.25rem}\n.u-block-8dc4-22 {font-weight: 700; font-family: Aldrich; margin-top: -44px; margin-right: 367px; margin-bottom: 29px; margin-left: 0px} }</style>\n  <style data-mode=\"XS\">@media (max-width: 575px){ .u-block-8dc4-1 {background-image: none}\n.u-block-8dc4-2 {min-height: 110px}\n.u-block-8dc4-11 {width: auto; margin-top: 37px; margin-right: 0px; margin-bottom: 0px; margin-left: auto}\n.u-block-8dc4-23 {font-size: 1rem; letter-spacing: normal; font-weight: 500}\n.u-block-8dc4-16 {font-size: 1.25rem}\n.u-block-8dc4-22 {font-weight: 700; font-family: Aldrich; margin-top: -44px; margin-right: 167px; margin-bottom: 29px; margin-left: 0px} }</style>\n</section>","footerHtml":"<section class=\"u-align-center u-clearfix u-footer u-block-54e0-1\" custom-posts-hash=\"T\" data-style=\"footer-1-text\" data-post-id=\"post1\" data-section-properties=\"{&quot;grid-spacing&quot;:&quot;30&quot;,&quot;spacingAdditional&quot;:&quot;none&quot;,&quot;align&quot;:&quot;&quot;,&quot;stretch&quot;:true}\" id=\"sec-8d14\" data-source=\"\" data-id=\"54e0\">\n  <div class=\"u-clearfix u-sheet u-block-54e0-2\">\n    <p class=\"u-small-text u-text u-text-variant u-block-54e0-6\">Hier könnte Ihre Werbung stehen.</p>\n  </div>\n  <style data-mode=\"XL\" data-visited=\"true\">@media (min-width: 1200px){ .u-block-54e0-1 {background-image: none}\n.u-block-54e0-2 {min-height: 120px}\n.u-block-54e0-6 {width: 417px; margin-top: 49px; margin-bottom: 49px; margin-left: auto; margin-right: auto} }</style>\n  <style data-mode=\"LG\">@media (max-width: 1199px) and (min-width: 992px){ .u-block-54e0-1 {background-image: none}\n.u-block-54e0-2 {min-height: 99px}\n.u-block-54e0-6 {width: 417px; margin-top: 49px; margin-bottom: 49px; margin-left: auto; margin-right: auto} }</style>\n  <style data-mode=\"MD\">@media (max-width: 991px) and (min-width: 768px){ .u-block-54e0-1 {background-image: none}\n.u-block-54e0-2 {min-height: 76px}\n.u-block-54e0-6 {width: 417px; margin-top: 49px; margin-bottom: 49px; margin-left: auto; margin-right: auto} }</style>\n  <style data-mode=\"SM\">@media (max-width: 767px) and (min-width: 576px){ .u-block-54e0-1 {background-image: none}\n.u-block-54e0-2 {min-height: 57px}\n.u-block-54e0-6 {width: 417px; margin-top: 49px; margin-bottom: 49px; margin-left: auto; margin-right: auto} }</style>\n  <style data-mode=\"XS\">@media (max-width: 575px){ .u-block-54e0-1 {background-image: none}\n.u-block-54e0-2 {min-height: 36px}\n.u-block-54e0-6 {width: 340px; margin-top: 49px; margin-bottom: 49px; margin-left: auto; margin-right: auto} }</style>\n</section>","hideBacklink":null,"homePageId":null,"dateUpdated":1672408029819,"settings":"{\"colorScheme\":{\"bodyColors\":[\"#111111\",\"#ffffff\"],\"bgColor\":\"#000000\",\"colors\":[\"#a68053\",\"#616157\",\"#bfa065\",\"#a2a6a1\",\"#ccd4c4\"],\"shadingContrast\":\"body-alt-color\",\"whiteContrast\":\"body-color\",\"bgContrast\":\"body-alt-color\",\"name\":\"u10\",\"customColors\":[]},\"fontScheme\":{\"name\":\"Roboto-OpenSans\",\"default\":true,\"isDefault\":true,\"fonts\":{\"heading\":\"Roboto, sans-serif\",\"text\":\"Open Sans, sans-serif\",\"accent\":\"Arial, sans-serif\",\"headingTitle\":\"Roboto\",\"textTitle\":\"Open Sans\"}},\"typography\":{\"name\":\"custom-page-typography-6\",\"title\":{\"font-weight\":\"400\",\"font-size\":4.5,\"line-height\":\"1_1\",\"margin-top\":20,\"margin-bottom\":20,\"SM\":{\"font-size\":3.75},\"XS\":{\"font-size\":3}},\"subtitle\":{\"font-weight\":\"400\",\"font-size\":2.25,\"line-height\":\"1_1\",\"margin-top\":20,\"margin-bottom\":20,\"XS\":{\"font-size\":1.5}},\"h1\":{\"font-weight\":\"400\",\"font-size\":3,\"line-height\":\"1_1\",\"margin-top\":20,\"margin-bottom\":20,\"XS\":{\"font-size\":1.875}},\"h2\":{\"font-weight\":\"400\",\"font-size\":2.25,\"line-height\":\"1_1\",\"margin-top\":20,\"margin-bottom\":20,\"XS\":{\"font-size\":1.5}},\"h3\":{\"font-weight\":\"400\",\"font-size\":1.875,\"line-height\":\"1_2\",\"margin-top\":20,\"margin-bottom\":20,\"XS\":{\"font-size\":1.5}},\"h4\":{\"font-weight\":\"400\",\"font-size\":1.5,\"line-height\":\"1_2\",\"margin-top\":20,\"margin-bottom\":20},\"h5\":{\"font-weight\":\"400\",\"font-size\":1.25,\"line-height\":\"1_2\",\"margin-top\":20,\"margin-bottom\":20},\"h6\":{\"font-weight\":\"400\",\"font-size\":1.125,\"line-height\":\"1_2\",\"margin-top\":20,\"margin-bottom\":20},\"largeText\":{\"font-size\":1.25,\"margin-top\":20,\"margin-bottom\":20},\"smallText\":{\"font-size\":0.875,\"margin-top\":20,\"margin-bottom\":20},\"text\":{\"margin-top\":20,\"margin-bottom\":20},\"hyperlink\":{\"text-color\":\"palette-1-base\"},\"link\":{},\"button\":{\"color\":\"palette-1-base\",\"margin-top\":20,\"margin-bottom\":20},\"blockquote\":{\"font-style\":\"italic\",\"indent\":20,\"border\":4,\"border-color\":\"palette-1-base\",\"margin-top\":20,\"margin-bottom\":20},\"metadata\":{\"margin-top\":20,\"margin-bottom\":20},\"list\":{\"margin-top\":20,\"margin-bottom\":20},\"orderedlist\":{\"margin-top\":20,\"margin-bottom\":20},\"postContent\":{\"margin-top\":20,\"margin-bottom\":20},\"theme\":{\"gradient\":\"\",\"image\":\"\",\"sheet-width-xl\":1140,\"sheet-width-lg\":940,\"sheet-width-md\":720,\"sheet-width-sm\":540,\"sheet-width-xs\":340,\"background-image\":\"url(\\\"https://pixabay.com/get/g25a6adae3d662e355d97cd45ffd540c5bb4b289487fe9df15d39607b58477c42e0869db662b1f38ac5d99f7300a120126b702385a6affa30a4514ad6073695dc_1280.jpg\\\")\",\"background-size\":\"cover\",\"background-position\":\"50% 50%\",\"background-repeat\":\"no-repeat\",\"background-attachment\":\"fixed\"},\"htmlBaseSize\":16},\"backToTop\":\"<span style=\\\"height: 64px; width: 64px; margin-left: 0px; margin-right: auto; margin-top: 0px; background-image: none; right: 20px; bottom: 20px; padding: 15px;\\\" class=\\\"u-back-to-top u-icon u-icon-circle u-opacity u-opacity-85 u-palette-1-base\\\" data-href=\\\"#\\\">\\n        <svg class=\\\"u-svg-link\\\" preserveAspectRatio=\\\"xMidYMin slice\\\" viewBox=\\\"0 0 551.13 551.13\\\">\\n            <use xmlns:xlink=\\\"http://www.w3.org/1999/xlink\\\" xlink:href=\\\"#svg-1d98\\\"></use>\\n        </svg>\\n        <svg class=\\\"u-svg-content\\\" enable-background=\\\"new 0 0 551.13 551.13\\\" viewBox=\\\"0 0 551.13 551.13\\\" xmlns=\\\"http://www.w3.org/2000/svg\\\" id=\\\"svg-1d98\\\">\\n            <path d=\\\"m275.565 189.451 223.897 223.897h51.668l-275.565-275.565-275.565 275.565h51.668z\\\"></path>\\n        </svg>\\n    </span>\",\"themeBackLinks\":\"{\\\"data-wp-back-link\\\":\\\"https://nicepage.com/wordpress-themes\\\",\\\"data-wp-back-link-title\\\":\\\"WordPress Theme\\\",\\\"data-jm-back-link\\\":\\\"https://nicepage.com/joomla-templates\\\",\\\"data-jm-back-link-title\\\":\\\"Joomla Templates\\\"}\",\"lang\":\"de\",\"langs\":[{\"id\":\"1\",\"name\":\"de\",\"title\":\"German\"}],\"id\":1709317693,\"captchaSiteKey\":\"6Lc2HDEiAAAAALpe1yqNarK-BmlyYl_MNPZx7_AB\",\"captchaSecretKey\":\"\",\"cookiesSection\":\"<section class=\\\"u-align-center u-block-5c11-1 u-clearfix u-cookies-consent u-grey-80\\\" custom-posts-hash=\\\"T\\\" style=\\\"background-image: none\\\" data-post-id=\\\"1\\\" data-section-properties=\\\"{&quot;stretch&quot;:true}\\\" data-id=\\\"5c11\\\" data-posts-content=\\\"[{'images':[],'maps':[],'videos':[],'icons':[],'textWidth':874,'textHeight':152,'id':1,'headingProp':'h3','textProp':'text'}]\\\" data-style=\\\"cookie-1\\\" id=\\\"sec-bf78\\\" data-source=\\\"\\\">\\n  <div class=\\\"u-block-5c11-2 u-clearfix u-sheet u-valign-middle\\\" style=\\\"min-height: 212px\\\" data-state=\\\"{&quot;margin-top&quot;:{&quot;shouldApplyDefaultMargins&quot;:{&quot;XL&quot;:false,&quot;LG&quot;:false,&quot;MD&quot;:false,&quot;SM&quot;:false,&quot;XS&quot;:false},&quot;parentVerticalAlign&quot;:{&quot;XL&quot;:&quot;middle&quot;,&quot;LG&quot;:&quot;middle&quot;,&quot;MD&quot;:&quot;middle&quot;,&quot;SM&quot;:&quot;middle&quot;,&quot;XS&quot;:&quot;middle&quot;}},&quot;margin-bottom&quot;:{&quot;shouldApplyDefaultMargins&quot;:{&quot;XL&quot;:false,&quot;LG&quot;:false,&quot;MD&quot;:false,&quot;SM&quot;:false,&quot;XS&quot;:false},&quot;parentVerticalAlign&quot;:{&quot;XL&quot;:&quot;middle&quot;,&quot;LG&quot;:&quot;middle&quot;,&quot;MD&quot;:&quot;middle&quot;,&quot;SM&quot;:&quot;middle&quot;,&quot;XS&quot;:&quot;middle&quot;}}}\\\" data-height-lg=\\\"158\\\" data-height-md=\\\"131\\\" data-height-sm=\\\"106\\\" data-height-xs=\\\"225\\\">\\n    <div class=\\\"u-block-5c11-7 u-clearfix u-expanded-width u-layout-wrap\\\" style=\\\"margin-top: 30px; margin-bottom: 30px\\\" data-state=\\\"{&quot;margin-top&quot;:{&quot;shouldApplyDefaultMargins&quot;:{&quot;XL&quot;:false,&quot;LG&quot;:false,&quot;MD&quot;:false,&quot;SM&quot;:true,&quot;XS&quot;:true},&quot;parentVerticalAlign&quot;:{&quot;XL&quot;:&quot;middle&quot;,&quot;LG&quot;:&quot;middle&quot;,&quot;MD&quot;:&quot;middle&quot;,&quot;SM&quot;:&quot;middle&quot;,&quot;XS&quot;:&quot;middle&quot;}},&quot;margin-bottom&quot;:{&quot;shouldApplyDefaultMargins&quot;:{&quot;XL&quot;:false,&quot;LG&quot;:false,&quot;MD&quot;:false,&quot;SM&quot;:true,&quot;XS&quot;:true},&quot;parentVerticalAlign&quot;:{&quot;XL&quot;:&quot;middle&quot;,&quot;LG&quot;:&quot;middle&quot;,&quot;MD&quot;:&quot;middle&quot;,&quot;SM&quot;:&quot;middle&quot;,&quot;XS&quot;:&quot;middle&quot;}}}\\\">\\n      <div class=\\\"u-gutter-0 u-layout\\\">\\n        <div class=\\\"u-layout-row\\\">\\n          <div class=\\\"u-block-5c11-8 u-container-style u-layout-cell u-left-cell u-size-43-md u-size-43-sm u-size-43-xs u-size-46-lg u-size-46-xl\\\" style=\\\"min-height: 152px\\\" data-state=\\\"{&quot;min-height&quot;:{&quot;expandedParent&quot;:{&quot;XL&quot;:true,&quot;LG&quot;:true,&quot;MD&quot;:true,&quot;SM&quot;:true,&quot;XS&quot;:true},&quot;cellMultiplier&quot;:{&quot;XL&quot;:1,&quot;LG&quot;:1,&quot;MD&quot;:0.9347826086956521,&quot;SM&quot;:1.3953488372093024,&quot;XS&quot;:1},&quot;canCollapse&quot;:{&quot;XL&quot;:false,&quot;LG&quot;:false,&quot;MD&quot;:true,&quot;SM&quot;:true,&quot;XS&quot;:true}}}\\\">\\n            <div class=\\\"u-block-5c11-9 u-container-layout u-valign-middle\\\" style=\\\"padding-top: 30px; padding-bottom: 30px; padding-left: 60px; padding-right: 60px\\\" data-state=\\\"{&quot;min-height&quot;:{&quot;canCollapse&quot;:{&quot;XL&quot;:false,&quot;LG&quot;:false,&quot;MD&quot;:false,&quot;SM&quot;:false,&quot;XS&quot;:false}}}\\\">\\n              <h3 class=\\\"u-block-5c11-6 u-text u-text-default\\\" style=\\\"margin-top: 0px; margin-right: 20px; margin-bottom: 0px;\\\">Cookies &amp; Privacy</h3>\\n              <p class=\\\"u-block-5c11-5 u-text u-text-default\\\" style=\\\"margin: 8px 20px 0px 0px;\\\">This website uses cookies to ensure you get the best experience on our website.</p>\\n            </div>\\n          </div>\\n          <div class=\\\"u-align-left u-block-5c11-10 u-container-style u-layout-cell u-right-cell u-size-14-lg u-size-14-xl u-size-17-md u-size-17-sm u-size-17-xs\\\" style=\\\"min-height: 152px\\\" data-state=\\\"{&quot;min-height&quot;:{&quot;expandedParent&quot;:{&quot;XL&quot;:true,&quot;LG&quot;:true,&quot;MD&quot;:true,&quot;SM&quot;:true,&quot;XS&quot;:true},&quot;cellMultiplier&quot;:{&quot;XL&quot;:1,&quot;LG&quot;:1,&quot;MD&quot;:1.2142857142857142,&quot;SM&quot;:3.5294117647058822,&quot;XS&quot;:1},&quot;canCollapse&quot;:{&quot;XL&quot;:false,&quot;LG&quot;:false,&quot;MD&quot;:true,&quot;SM&quot;:true,&quot;XS&quot;:true}}}\\\">\\n            <div class=\\\"u-block-5c11-11 u-container-layout u-valign-middle-lg u-valign-middle-md u-valign-middle-xl u-valign-top-sm u-valign-top-xs\\\" style=\\\"padding-top: 30px; padding-bottom: 30px; padding-left: 30px; padding-right: 30px\\\" data-state=\\\"{&quot;min-height&quot;:{&quot;canCollapse&quot;:{&quot;XL&quot;:false,&quot;LG&quot;:false,&quot;MD&quot;:false,&quot;SM&quot;:false,&quot;XS&quot;:false}}}\\\">\\n              <a href=\\\"###\\\" class=\\\"u-block-5c11-3 u-btn u-button-confirm u-button-style u-palette-1-base\\\" style=\\\"margin-top: 0px; margin-right: auto; margin-bottom: 0px; margin-left: 0px\\\">Confirm</a>\\n            </div>\\n          </div>\\n        </div>\\n      </div>\\n    </div>\\n  </div>\\n  <style data-mode=\\\"XL\\\">@media (max-width: 0px) { .u-block-5c11-1 {background-image: none}\\n.u-block-5c11-2 {min-height: 212px}\\n.u-block-5c11-7 {margin-top: 30px; margin-bottom: 30px}\\n.u-block-5c11-8 {min-height: 152px}\\n.u-block-5c11-9 {padding-top: 30px; padding-bottom: 30px; padding-left: 60px; padding-right: 60px}\\n.u-block-5c11-6 {margin-top: 0px; margin-right: 20px; margin-bottom: 0px}\\n.u-block-5c11-5 {margin-top: 8px; margin-right: 20px; margin-bottom: 0px; margin-left: 0px}\\n.u-block-5c11-10 {min-height: 152px}\\n.u-block-5c11-11 {padding-top: 30px; padding-bottom: 30px; padding-left: 30px; padding-right: 30px}\\n.u-block-5c11-3 {margin-top: 0px; margin-right: auto; margin-bottom: 0px; margin-left: 0px} }</style>\\n  <style data-mode=\\\"LG\\\">@media (max-width: 0px) { .u-block-5c11-1 {background-image: none}\\n.u-block-5c11-2 {min-height: 131px}\\n.u-block-5c11-7 {margin-top: 30px; margin-bottom: 30px}\\n.u-block-5c11-8 {min-height: 125px}\\n.u-block-5c11-9 {padding-top: 30px; padding-bottom: 30px; padding-left: 60px; padding-right: 60px}\\n.u-block-5c11-6 {margin-top: 0px; margin-right: 0px; margin-bottom: 0px}\\n.u-block-5c11-5 {margin-top: 8px; margin-right: 0px; margin-bottom: 0px; margin-left: 0px}\\n.u-block-5c11-10 {min-height: 125px}\\n.u-block-5c11-11 {padding-top: 30px; padding-bottom: 30px; padding-left: 30px; padding-right: 30px}\\n.u-block-5c11-3 {margin-top: 0px; margin-right: auto; margin-bottom: 0px; margin-left: 0px} }</style>\\n  <style data-mode=\\\"MD\\\" data-visited=\\\"true\\\">@media (max-width: 0px) { .u-block-5c11-1 {background-image: none}\\n.u-block-5c11-2 {min-height: 106px}\\n.u-block-5c11-7 {margin-top: 30px; margin-bottom: 30px}\\n.u-block-5c11-8 {min-height: 100px}\\n.u-block-5c11-9 {padding-top: 30px; padding-bottom: 30px; padding-left: 30px; padding-right: 30px}\\n.u-block-5c11-6 {margin-top: 0px; margin-right: 0px; margin-bottom: 0px}\\n.u-block-5c11-5 {margin-top: 8px; margin-right: 0px; margin-bottom: 0px; margin-left: 0px}\\n.u-block-5c11-10 {min-height: 100px}\\n.u-block-5c11-11 {padding-top: 30px; padding-bottom: 30px; padding-left: 30px; padding-right: 30px}\\n.u-block-5c11-3 {margin-top: 0px; margin-right: auto; margin-bottom: 0px; margin-left: 0px} }</style>\\n  <style data-mode=\\\"SM\\\" data-visited=\\\"true\\\">@media (max-width: 0px) { .u-block-5c11-1 {background-image: none}\\n.u-block-5c11-2 {min-height: 225px}\\n.u-block-5c11-7 {margin-top: 30px; margin-bottom: 30px}\\n.u-block-5c11-8 {min-height: 154px}\\n.u-block-5c11-9 {padding-top: 30px; padding-left: 10px; padding-right: 10px; padding-bottom: 20px}\\n.u-block-5c11-6 {margin-top: 0px; margin-right: 0px; margin-bottom: 0px}\\n.u-block-5c11-5 {margin-top: 8px; margin-right: 0px; margin-bottom: 0px; margin-left: 0px}\\n.u-block-5c11-10 {min-height: 65px}\\n.u-block-5c11-11 {padding-top: 10px; padding-bottom: 10px; padding-left: 10px; padding-right: 10px}\\n.u-block-5c11-3 {margin-top: 0px; margin-right: auto; margin-bottom: 0px; margin-left: 0px} }</style>\\n  <style data-mode=\\\"XS\\\" data-visited=\\\"true\\\">@media (max-width: 0px) { .u-block-5c11-1 {background-image: none}\\n.u-block-5c11-2 {min-height: 121px}\\n.u-block-5c11-7 {margin-top: 30px; margin-bottom: 30px}\\n.u-block-5c11-8 {min-height: 100px}\\n.u-block-5c11-9 {padding-top: 30px; padding-bottom: 20px; padding-left: 10px; padding-right: 10px}\\n.u-block-5c11-6 {margin-top: 0px; margin-right: 0px; margin-bottom: 0px}\\n.u-block-5c11-5 {margin-top: 8px; margin-right: 0px; margin-bottom: 0px; margin-left: 0px}\\n.u-block-5c11-10 {min-height: 15px}\\n.u-block-5c11-11 {padding-top: 10px; padding-bottom: 10px; padding-left: 10px; padding-right: 10px}\\n.u-block-5c11-3 {margin-top: 0px; margin-right: auto; margin-bottom: 0px; margin-left: 0px} }</style>\\n</section>\",\"formServices\":{\"6ea2a1fa8770e8a31d14209fcbac88b7\":{\"id\":\"6ea2a1fa8770e8a31d14209fcbac88b7\",\"type\":\"email\",\"token\":\"7bd1b867ef6797d6bad29f9ec64b94f5\",\"email\":\"kubilay151@ok.de\",\"isVerified\":false}},\"disableHtml\":\"false\"}","title":"Site1","siteStyleCss":"<style id=\"color-scheme\" color-scheme=\"u10\" color-style=\"multicolor-1\">.u-body {\n--none: transparent;\n--none-darker: transparent;\n--none-r: 255;\n--none-g: 255;\n--none-b: 255;\n--none-contrast: body-color;\n--none-contrast-darker: body-color;\n--none-text-color: var(--body-color);\n--transparent: transparent;\n--transparent-darker: transparent;\n--transparent-r: 255;\n--transparent-g: 255;\n--transparent-b: 255;\n--transparent-contrast: body-color;\n--transparent-contrast-darker: body-color;\n--transparent-text-color: var(--body-color);\n--body-color: #111111;\n--body-color-darker: #0f0f0f;\n--body-color-r: 17;\n--body-color-g: 17;\n--body-color-b: 17;\n--body-color-contrast: white;\n--body-color-contrast-darker: white;\n--body-color-text-color: var(--body-alt-color);\n--body-alt-color: #ffffff;\n--body-alt-color-darker: #e6e6e6;\n--body-alt-color-r: 255;\n--body-alt-color-g: 255;\n--body-alt-color-b: 255;\n--body-alt-color-contrast: black;\n--body-alt-color-contrast-darker: black;\n--body-alt-color-text-color: var(--body-color);\n--bg-color: #000000;\n--bg-color-darker: #000000;\n--bg-color-r: 0;\n--bg-color-g: 0;\n--bg-color-b: 0;\n--bg-color-contrast: white;\n--bg-color-contrast-darker: white;\n--bg-color-text-color: var(--body-color);\n--palette-1-base: #a68053;\n--palette-1-base-darker: #95734b;\n--palette-1-base-r: 166;\n--palette-1-base-g: 128;\n--palette-1-base-b: 83;\n--palette-1-base-contrast: white;\n--palette-1-base-contrast-darker: white;\n--palette-1-base-text-color: var(--body-alt-color);\n--palette-1-dark-3: #332e29;\n--palette-1-dark-3-darker: #2e2925;\n--palette-1-dark-3-r: 51;\n--palette-1-dark-3-g: 46;\n--palette-1-dark-3-b: 41;\n--palette-1-dark-3-contrast: white;\n--palette-1-dark-3-contrast-darker: white;\n--palette-1-dark-3-text-color: var(--body-alt-color);\n--palette-1-dark-2: #6d5b47;\n--palette-1-dark-2-darker: #625240;\n--palette-1-dark-2-r: 109;\n--palette-1-dark-2-g: 91;\n--palette-1-dark-2-b: 71;\n--palette-1-dark-2-contrast: white;\n--palette-1-dark-2-contrast-darker: white;\n--palette-1-dark-2-text-color: var(--body-alt-color);\n--palette-1-dark-1: #a68053;\n--palette-1-dark-1-darker: #95734b;\n--palette-1-dark-1-r: 166;\n--palette-1-dark-1-g: 128;\n--palette-1-dark-1-b: 83;\n--palette-1-dark-1-contrast: white;\n--palette-1-dark-1-contrast-darker: white;\n--palette-1-dark-1-text-color: var(--body-alt-color);\n--palette-1: #cea472;\n--palette-1-darker: #c6955a;\n--palette-1-r: 206;\n--palette-1-g: 164;\n--palette-1-b: 114;\n--palette-1-contrast: white;\n--palette-1-contrast-darker: white;\n--palette-1-text-color: var(--body-alt-color);\n--palette-1-light-1: #dcbd98;\n--palette-1-light-1-darker: #d3ab7c;\n--palette-1-light-1-r: 220;\n--palette-1-light-1-g: 189;\n--palette-1-light-1-b: 152;\n--palette-1-light-1-contrast: black;\n--palette-1-light-1-contrast-darker: white;\n--palette-1-light-1-text-color: var(--body-color);\n--palette-1-light-2: #ebd8c1;\n--palette-1-light-2-darker: #e1c4a1;\n--palette-1-light-2-r: 235;\n--palette-1-light-2-g: 216;\n--palette-1-light-2-b: 193;\n--palette-1-light-2-contrast: black;\n--palette-1-light-2-contrast-darker: black;\n--palette-1-light-2-text-color: var(--body-color);\n--palette-1-light-3: #faf5ef;\n--palette-1-light-3-darker: #eedeca;\n--palette-1-light-3-r: 250;\n--palette-1-light-3-g: 245;\n--palette-1-light-3-b: 239;\n--palette-1-light-3-contrast: black;\n--palette-1-light-3-contrast-darker: black;\n--palette-1-light-3-text-color: var(--body-color);\n--palette-2-base: #616157;\n--palette-2-base-darker: #57574e;\n--palette-2-base-r: 97;\n--palette-2-base-g: 97;\n--palette-2-base-b: 87;\n--palette-2-base-contrast: white;\n--palette-2-base-contrast-darker: white;\n--palette-2-base-text-color: var(--body-alt-color);\n--palette-2-dark-3: #333329;\n--palette-2-dark-3-darker: #2e2e25;\n--palette-2-dark-3-r: 51;\n--palette-2-dark-3-g: 51;\n--palette-2-dark-3-b: 41;\n--palette-2-dark-3-contrast: white;\n--palette-2-dark-3-contrast-darker: white;\n--palette-2-dark-3-text-color: var(--body-alt-color);\n--palette-2-dark-2: #616157;\n--palette-2-dark-2-darker: #57574e;\n--palette-2-dark-2-r: 97;\n--palette-2-dark-2-g: 97;\n--palette-2-dark-2-b: 87;\n--palette-2-dark-2-contrast: white;\n--palette-2-dark-2-contrast-darker: white;\n--palette-2-dark-2-text-color: var(--body-alt-color);\n--palette-2-dark-1: #88887a;\n--palette-2-dark-1-darker: #7b7b6e;\n--palette-2-dark-1-r: 136;\n--palette-2-dark-1-g: 136;\n--palette-2-dark-1-b: 122;\n--palette-2-dark-1-contrast: white;\n--palette-2-dark-1-contrast-darker: white;\n--palette-2-dark-1-text-color: var(--body-alt-color);\n--palette-2: #aeae9e;\n--palette-2-darker: #9f9f8c;\n--palette-2-r: 174;\n--palette-2-g: 174;\n--palette-2-b: 158;\n--palette-2-contrast: white;\n--palette-2-contrast-darker: white;\n--palette-2-text-color: var(--body-alt-color);\n--palette-2-light-1: #c6c6b9;\n--palette-2-light-1-darker: #b5b5a4;\n--palette-2-light-1-r: 198;\n--palette-2-light-1-g: 198;\n--palette-2-light-1-b: 185;\n--palette-2-light-1-contrast: black;\n--palette-2-light-1-contrast-darker: white;\n--palette-2-light-1-text-color: var(--body-color);\n--palette-2-light-2: #dfdfd6;\n--palette-2-light-2-darker: #ccccbd;\n--palette-2-light-2-r: 223;\n--palette-2-light-2-g: 223;\n--palette-2-light-2-b: 214;\n--palette-2-light-2-contrast: black;\n--palette-2-light-2-contrast-darker: black;\n--palette-2-light-2-text-color: var(--body-color);\n--palette-2-light-3: #f7f7f5;\n--palette-2-light-3-darker: #e1e1da;\n--palette-2-light-3-r: 247;\n--palette-2-light-3-g: 247;\n--palette-2-light-3-b: 245;\n--palette-2-light-3-contrast: black;\n--palette-2-light-3-contrast-darker: black;\n--palette-2-light-3-text-color: var(--body-color);\n--palette-3-base: #bfa065;\n--palette-3-base-darker: #b69350;\n--palette-3-base-r: 191;\n--palette-3-base-g: 160;\n--palette-3-base-b: 101;\n--palette-3-base-contrast: white;\n--palette-3-base-contrast-darker: white;\n--palette-3-base-text-color: var(--body-alt-color);\n--palette-3-dark-3: #332f29;\n--palette-3-dark-3-darker: #2e2a25;\n--palette-3-dark-3-r: 51;\n--palette-3-dark-3-g: 47;\n--palette-3-dark-3-b: 41;\n--palette-3-dark-3-contrast: white;\n--palette-3-dark-3-contrast-darker: white;\n--palette-3-dark-3-text-color: var(--body-alt-color);\n--palette-3-dark-2: #625845;\n--palette-3-dark-2-darker: #584f3e;\n--palette-3-dark-2-r: 98;\n--palette-3-dark-2-g: 88;\n--palette-3-dark-2-b: 69;\n--palette-3-dark-2-contrast: white;\n--palette-3-dark-2-contrast-darker: white;\n--palette-3-dark-2-text-color: var(--body-alt-color);\n--palette-3-dark-1: #907d59;\n--palette-3-dark-1-darker: #827150;\n--palette-3-dark-1-r: 144;\n--palette-3-dark-1-g: 125;\n--palette-3-dark-1-b: 89;\n--palette-3-dark-1-contrast: white;\n--palette-3-dark-1-contrast-darker: white;\n--palette-3-dark-1-text-color: var(--body-alt-color);\n--palette-3: #bfa065;\n--palette-3-darker: #b69350;\n--palette-3-r: 191;\n--palette-3-g: 160;\n--palette-3-b: 101;\n--palette-3-contrast: white;\n--palette-3-contrast-darker: white;\n--palette-3-text-color: var(--body-alt-color);\n--palette-3-light-1: #d2ba8d;\n--palette-3-light-1-darker: #c8ab74;\n--palette-3-light-1-r: 210;\n--palette-3-light-1-g: 186;\n--palette-3-light-1-b: 141;\n--palette-3-light-1-contrast: black;\n--palette-3-light-1-contrast-darker: white;\n--palette-3-light-1-text-color: var(--body-color);\n--palette-3-light-2: #e5d7ba;\n--palette-3-light-2-darker: #dac69c;\n--palette-3-light-2-r: 229;\n--palette-3-light-2-g: 215;\n--palette-3-light-2-b: 186;\n--palette-3-light-2-contrast: black;\n--palette-3-light-2-contrast-darker: black;\n--palette-3-light-2-text-color: var(--body-color);\n--palette-3-light-3: #f9f5ed;\n--palette-3-light-3-darker: #ede1c9;\n--palette-3-light-3-r: 249;\n--palette-3-light-3-g: 245;\n--palette-3-light-3-b: 237;\n--palette-3-light-3-contrast: black;\n--palette-3-light-3-contrast-darker: black;\n--palette-3-light-3-text-color: var(--body-color);\n--palette-4-base: #a2a6a1;\n--palette-4-base-darker: #919690;\n--palette-4-base-r: 162;\n--palette-4-base-g: 166;\n--palette-4-base-b: 161;\n--palette-4-base-contrast: white;\n--palette-4-base-contrast-darker: white;\n--palette-4-base-text-color: var(--body-alt-color);\n--palette-4-dark-3: #2b3329;\n--palette-4-dark-3-darker: #272e25;\n--palette-4-dark-3-r: 43;\n--palette-4-dark-3-g: 51;\n--palette-4-dark-3-b: 41;\n--palette-4-dark-3-contrast: white;\n--palette-4-dark-3-contrast-darker: white;\n--palette-4-dark-3-text-color: var(--body-alt-color);\n--palette-4-dark-2: #4f594d;\n--palette-4-dark-2-darker: #475045;\n--palette-4-dark-2-r: 79;\n--palette-4-dark-2-g: 89;\n--palette-4-dark-2-b: 77;\n--palette-4-dark-2-contrast: white;\n--palette-4-dark-2-contrast-darker: white;\n--palette-4-dark-2-text-color: var(--body-alt-color);\n--palette-4-dark-1: #778075;\n--palette-4-dark-1-darker: #6b7369;\n--palette-4-dark-1-r: 119;\n--palette-4-dark-1-g: 128;\n--palette-4-dark-1-b: 117;\n--palette-4-dark-1-contrast: white;\n--palette-4-dark-1-contrast-darker: white;\n--palette-4-dark-1-text-color: var(--body-alt-color);\n--palette-4: #a2a6a1;\n--palette-4-darker: #919690;\n--palette-4-r: 162;\n--palette-4-g: 166;\n--palette-4-b: 161;\n--palette-4-contrast: white;\n--palette-4-contrast-darker: white;\n--palette-4-text-color: var(--body-alt-color);\n--palette-4-light-1: #bdc1bc;\n--palette-4-light-1-darker: #aaafa8;\n--palette-4-light-1-r: 189;\n--palette-4-light-1-g: 193;\n--palette-4-light-1-b: 188;\n--palette-4-light-1-contrast: black;\n--palette-4-light-1-contrast-darker: white;\n--palette-4-light-1-text-color: var(--body-color);\n--palette-4-light-2: #d7dbd6;\n--palette-4-light-2-darker: #c1c7bf;\n--palette-4-light-2-r: 215;\n--palette-4-light-2-g: 219;\n--palette-4-light-2-b: 214;\n--palette-4-light-2-contrast: black;\n--palette-4-light-2-contrast-darker: black;\n--palette-4-light-2-text-color: var(--body-color);\n--palette-4-light-3: #f2f6f1;\n--palette-4-light-3-darker: #d6e3d3;\n--palette-4-light-3-r: 242;\n--palette-4-light-3-g: 246;\n--palette-4-light-3-b: 241;\n--palette-4-light-3-contrast: black;\n--palette-4-light-3-contrast-darker: black;\n--palette-4-light-3-text-color: var(--body-color);\n--palette-5-base: #ccd4c4;\n--palette-5-base-darker: #b8c3ac;\n--palette-5-base-r: 204;\n--palette-5-base-g: 212;\n--palette-5-base-b: 196;\n--palette-5-base-contrast: black;\n--palette-5-base-contrast-darker: black;\n--palette-5-base-text-color: var(--body-color);\n--palette-5-dark-3: #2e3329;\n--palette-5-dark-3-darker: #292e25;\n--palette-5-dark-3-r: 46;\n--palette-5-dark-3-g: 51;\n--palette-5-dark-3-b: 41;\n--palette-5-dark-3-contrast: white;\n--palette-5-dark-3-contrast-darker: white;\n--palette-5-dark-3-text-color: var(--body-alt-color);\n--palette-5-dark-2: #606958;\n--palette-5-dark-2-darker: #565e4f;\n--palette-5-dark-2-r: 96;\n--palette-5-dark-2-g: 105;\n--palette-5-dark-2-b: 88;\n--palette-5-dark-2-contrast: white;\n--palette-5-dark-2-contrast-darker: white;\n--palette-5-dark-2-text-color: var(--body-alt-color);\n--palette-5-dark-1: #959e8c;\n--palette-5-dark-1-darker: #86907c;\n--palette-5-dark-1-r: 149;\n--palette-5-dark-1-g: 158;\n--palette-5-dark-1-b: 140;\n--palette-5-dark-1-contrast: white;\n--palette-5-dark-1-contrast-darker: white;\n--palette-5-dark-1-text-color: var(--body-alt-color);\n--palette-5: #ccd4c4;\n--palette-5-darker: #b8c3ac;\n--palette-5-r: 204;\n--palette-5-g: 212;\n--palette-5-b: 196;\n--palette-5-contrast: black;\n--palette-5-contrast-darker: black;\n--palette-5-text-color: var(--body-color);\n--palette-5-light-1: #dae1d4;\n--palette-5-light-1-darker: #c4cfba;\n--palette-5-light-1-r: 218;\n--palette-5-light-1-g: 225;\n--palette-5-light-1-b: 212;\n--palette-5-light-1-contrast: black;\n--palette-5-light-1-contrast-darker: black;\n--palette-5-light-1-text-color: var(--body-color);\n--palette-5-light-2: #e9eee5;\n--palette-5-light-2-darker: #d1dcc9;\n--palette-5-light-2-r: 233;\n--palette-5-light-2-g: 238;\n--palette-5-light-2-b: 229;\n--palette-5-light-2-contrast: black;\n--palette-5-light-2-contrast-darker: black;\n--palette-5-light-2-text-color: var(--body-color);\n--palette-5-light-3: #f8fbf6;\n--palette-5-light-3-darker: #ddecd4;\n--palette-5-light-3-r: 248;\n--palette-5-light-3-g: 251;\n--palette-5-light-3-b: 246;\n--palette-5-light-3-contrast: black;\n--palette-5-light-3-contrast-darker: black;\n--palette-5-light-3-text-color: var(--body-color);\n--grey-40: #999999;\n--grey-40-darker: #8a8a8a;\n--grey-40-r: 153;\n--grey-40-g: 153;\n--grey-40-b: 153;\n--grey-40-contrast: white;\n--grey-40-contrast-darker: white;\n--grey-40-text-color: var(--body-alt-color);\n--grey-30: #b3b3b3;\n--grey-30-darker: #a1a1a1;\n--grey-30-r: 179;\n--grey-30-g: 179;\n--grey-30-b: 179;\n--grey-30-contrast: white;\n--grey-30-contrast-darker: white;\n--grey-30-text-color: var(--body-alt-color);\n--grey-25: #c0c0c0;\n--grey-25-darker: #adadad;\n--grey-25-r: 192;\n--grey-25-g: 192;\n--grey-25-b: 192;\n--grey-25-contrast: black;\n--grey-25-contrast-darker: white;\n--grey-25-text-color: var(--body-color);\n--white: #ffffff;\n--white-darker: #e6e6e6;\n--white-r: 255;\n--white-g: 255;\n--white-b: 255;\n--white-contrast: black;\n--white-contrast-darker: black;\n--white-text-color: var(--body-color);\n--grey-15: #d9d9d9;\n--grey-15-darker: #c3c3c3;\n--grey-15-r: 217;\n--grey-15-g: 217;\n--grey-15-b: 217;\n--grey-15-contrast: black;\n--grey-15-contrast-darker: black;\n--grey-15-text-color: var(--body-color);\n--grey-10: #e5e5e5;\n--grey-10-darker: #cecece;\n--grey-10-r: 229;\n--grey-10-g: 229;\n--grey-10-b: 229;\n--grey-10-contrast: black;\n--grey-10-contrast-darker: black;\n--grey-10-text-color: var(--body-color);\n--grey-5: #f2f2f2;\n--grey-5-darker: #dadada;\n--grey-5-r: 242;\n--grey-5-g: 242;\n--grey-5-b: 242;\n--grey-5-contrast: black;\n--grey-5-contrast-darker: black;\n--grey-5-text-color: var(--body-color);\n--grey-90: #1a1a1a;\n--grey-90-darker: #171717;\n--grey-90-r: 26;\n--grey-90-g: 26;\n--grey-90-b: 26;\n--grey-90-contrast: white;\n--grey-90-contrast-darker: white;\n--grey-90-text-color: var(--body-alt-color);\n--grey-80: #333333;\n--grey-80-darker: #2e2e2e;\n--grey-80-r: 51;\n--grey-80-g: 51;\n--grey-80-b: 51;\n--grey-80-contrast: white;\n--grey-80-contrast-darker: white;\n--grey-80-text-color: var(--body-alt-color);\n--grey-75: #404040;\n--grey-75-darker: #3a3a3a;\n--grey-75-r: 64;\n--grey-75-g: 64;\n--grey-75-b: 64;\n--grey-75-contrast: white;\n--grey-75-contrast-darker: white;\n--grey-75-text-color: var(--body-alt-color);\n--black: #000000;\n--black-darker: #000000;\n--black-r: 0;\n--black-g: 0;\n--black-b: 0;\n--black-contrast: white;\n--black-contrast-darker: white;\n--black-text-color: var(--body-alt-color);\n--grey-70: #4d4d4d;\n--grey-70-darker: #454545;\n--grey-70-r: 77;\n--grey-70-g: 77;\n--grey-70-b: 77;\n--grey-70-contrast: white;\n--grey-70-contrast-darker: white;\n--grey-70-text-color: var(--body-alt-color);\n--grey-60: #666666;\n--grey-60-darker: #5c5c5c;\n--grey-60-r: 102;\n--grey-60-g: 102;\n--grey-60-b: 102;\n--grey-60-contrast: white;\n--grey-60-contrast-darker: white;\n--grey-60-text-color: var(--body-alt-color);\n--grey-50: #808080;\n--grey-50-darker: #737373;\n--grey-50-r: 128;\n--grey-50-g: 128;\n--grey-50-b: 128;\n--grey-50-contrast: white;\n--grey-50-contrast-darker: white;\n--grey-50-text-color: var(--body-alt-color);\n--grey-dark-3: #212121;\n--grey-dark-3-darker: #1e1e1e;\n--grey-dark-3-r: 33;\n--grey-dark-3-g: 33;\n--grey-dark-3-b: 33;\n--grey-dark-3-contrast: white;\n--grey-dark-3-contrast-darker: white;\n--grey-dark-3-text-color: var(--body-alt-color);\n--grey-dark-2: #333333;\n--grey-dark-2-darker: #2e2e2e;\n--grey-dark-2-r: 51;\n--grey-dark-2-g: 51;\n--grey-dark-2-b: 51;\n--grey-dark-2-contrast: white;\n--grey-dark-2-contrast-darker: white;\n--grey-dark-2-text-color: var(--body-alt-color);\n--grey-dark-1: #454545;\n--grey-dark-1-darker: #3e3e3e;\n--grey-dark-1-r: 69;\n--grey-dark-1-g: 69;\n--grey-dark-1-b: 69;\n--grey-dark-1-contrast: white;\n--grey-dark-1-contrast-darker: white;\n--grey-dark-1-text-color: var(--body-alt-color);\n--grey: #b3b3b3;\n--grey-darker: #a1a1a1;\n--grey-r: 179;\n--grey-g: 179;\n--grey-b: 179;\n--grey-contrast: white;\n--grey-contrast-darker: white;\n--grey-text-color: var(--body-alt-color);\n--grey-light-1: #d9d9d9;\n--grey-light-1-darker: #c3c3c3;\n--grey-light-1-r: 217;\n--grey-light-1-g: 217;\n--grey-light-1-b: 217;\n--grey-light-1-contrast: black;\n--grey-light-1-contrast-darker: black;\n--grey-light-1-text-color: var(--body-color);\n--grey-light-2: #eeeeee;\n--grey-light-2-darker: #d6d6d6;\n--grey-light-2-r: 238;\n--grey-light-2-g: 238;\n--grey-light-2-b: 238;\n--grey-light-2-contrast: black;\n--grey-light-2-contrast-darker: black;\n--grey-light-2-text-color: var(--body-color);\n--grey-light-3: #f6f6f6;\n--grey-light-3-darker: #dddddd;\n--grey-light-3-r: 246;\n--grey-light-3-g: 246;\n--grey-light-3-b: 246;\n--grey-light-3-contrast: black;\n--grey-light-3-contrast-darker: black;\n--grey-light-3-text-color: var(--body-color);\n--color-1-base: #a68053;\n--color-1-base-darker: #95734b;\n--color-1-base-r: 166;\n--color-1-base-g: 128;\n--color-1-base-b: 83;\n--color-1-base-contrast: white;\n--color-1-base-contrast-darker: white;\n--color-1-base-text-color: var(--body-alt-color);\n--color-1-dark-3: #332e29;\n--color-1-dark-3-darker: #2e2925;\n--color-1-dark-3-r: 51;\n--color-1-dark-3-g: 46;\n--color-1-dark-3-b: 41;\n--color-1-dark-3-contrast: white;\n--color-1-dark-3-contrast-darker: white;\n--color-1-dark-3-text-color: var(--body-alt-color);\n--color-1-dark-2: #6d5b47;\n--color-1-dark-2-darker: #625240;\n--color-1-dark-2-r: 109;\n--color-1-dark-2-g: 91;\n--color-1-dark-2-b: 71;\n--color-1-dark-2-contrast: white;\n--color-1-dark-2-contrast-darker: white;\n--color-1-dark-2-text-color: var(--body-alt-color);\n--color-1-dark-1: #a68053;\n--color-1-dark-1-darker: #95734b;\n--color-1-dark-1-r: 166;\n--color-1-dark-1-g: 128;\n--color-1-dark-1-b: 83;\n--color-1-dark-1-contrast: white;\n--color-1-dark-1-contrast-darker: white;\n--color-1-dark-1-text-color: var(--body-alt-color);\n--color-1: #cea472;\n--color-1-darker: #c6955a;\n--color-1-r: 206;\n--color-1-g: 164;\n--color-1-b: 114;\n--color-1-contrast: white;\n--color-1-contrast-darker: white;\n--color-1-text-color: var(--body-alt-color);\n--color-1-light-1: #dcbd98;\n--color-1-light-1-darker: #d3ab7c;\n--color-1-light-1-r: 220;\n--color-1-light-1-g: 189;\n--color-1-light-1-b: 152;\n--color-1-light-1-contrast: black;\n--color-1-light-1-contrast-darker: white;\n--color-1-light-1-text-color: var(--body-color);\n--color-1-light-2: #ebd8c1;\n--color-1-light-2-darker: #e1c4a1;\n--color-1-light-2-r: 235;\n--color-1-light-2-g: 216;\n--color-1-light-2-b: 193;\n--color-1-light-2-contrast: black;\n--color-1-light-2-contrast-darker: black;\n--color-1-light-2-text-color: var(--body-color);\n--color-1-light-3: #faf5ef;\n--color-1-light-3-darker: #eedeca;\n--color-1-light-3-r: 250;\n--color-1-light-3-g: 245;\n--color-1-light-3-b: 239;\n--color-1-light-3-contrast: black;\n--color-1-light-3-contrast-darker: black;\n--color-1-light-3-text-color: var(--body-color);\n--color-2-base: #616157;\n--color-2-base-darker: #57574e;\n--color-2-base-r: 97;\n--color-2-base-g: 97;\n--color-2-base-b: 87;\n--color-2-base-contrast: white;\n--color-2-base-contrast-darker: white;\n--color-2-base-text-color: var(--body-alt-color);\n--color-2-dark-3: #333329;\n--color-2-dark-3-darker: #2e2e25;\n--color-2-dark-3-r: 51;\n--color-2-dark-3-g: 51;\n--color-2-dark-3-b: 41;\n--color-2-dark-3-contrast: white;\n--color-2-dark-3-contrast-darker: white;\n--color-2-dark-3-text-color: var(--body-alt-color);\n--color-2-dark-2: #616157;\n--color-2-dark-2-darker: #57574e;\n--color-2-dark-2-r: 97;\n--color-2-dark-2-g: 97;\n--color-2-dark-2-b: 87;\n--color-2-dark-2-contrast: white;\n--color-2-dark-2-contrast-darker: white;\n--color-2-dark-2-text-color: var(--body-alt-color);\n--color-2-dark-1: #88887a;\n--color-2-dark-1-darker: #7b7b6e;\n--color-2-dark-1-r: 136;\n--color-2-dark-1-g: 136;\n--color-2-dark-1-b: 122;\n--color-2-dark-1-contrast: white;\n--color-2-dark-1-contrast-darker: white;\n--color-2-dark-1-text-color: var(--body-alt-color);\n--color-2: #aeae9e;\n--color-2-darker: #9f9f8c;\n--color-2-r: 174;\n--color-2-g: 174;\n--color-2-b: 158;\n--color-2-contrast: white;\n--color-2-contrast-darker: white;\n--color-2-text-color: var(--body-alt-color);\n--color-2-light-1: #c6c6b9;\n--color-2-light-1-darker: #b5b5a4;\n--color-2-light-1-r: 198;\n--color-2-light-1-g: 198;\n--color-2-light-1-b: 185;\n--color-2-light-1-contrast: black;\n--color-2-light-1-contrast-darker: white;\n--color-2-light-1-text-color: var(--body-color);\n--color-2-light-2: #dfdfd6;\n--color-2-light-2-darker: #ccccbd;\n--color-2-light-2-r: 223;\n--color-2-light-2-g: 223;\n--color-2-light-2-b: 214;\n--color-2-light-2-contrast: black;\n--color-2-light-2-contrast-darker: black;\n--color-2-light-2-text-color: var(--body-color);\n--color-2-light-3: #f7f7f5;\n--color-2-light-3-darker: #e1e1da;\n--color-2-light-3-r: 247;\n--color-2-light-3-g: 247;\n--color-2-light-3-b: 245;\n--color-2-light-3-contrast: black;\n--color-2-light-3-contrast-darker: black;\n--color-2-light-3-text-color: var(--body-color);\n--color-3-base: #bfa065;\n--color-3-base-darker: #b69350;\n--color-3-base-r: 191;\n--color-3-base-g: 160;\n--color-3-base-b: 101;\n--color-3-base-contrast: white;\n--color-3-base-contrast-darker: white;\n--color-3-base-text-color: var(--body-alt-color);\n--color-3-dark-3: #332f29;\n--color-3-dark-3-darker: #2e2a25;\n--color-3-dark-3-r: 51;\n--color-3-dark-3-g: 47;\n--color-3-dark-3-b: 41;\n--color-3-dark-3-contrast: white;\n--color-3-dark-3-contrast-darker: white;\n--color-3-dark-3-text-color: var(--body-alt-color);\n--color-3-dark-2: #625845;\n--color-3-dark-2-darker: #584f3e;\n--color-3-dark-2-r: 98;\n--color-3-dark-2-g: 88;\n--color-3-dark-2-b: 69;\n--color-3-dark-2-contrast: white;\n--color-3-dark-2-contrast-darker: white;\n--color-3-dark-2-text-color: var(--body-alt-color);\n--color-3-dark-1: #907d59;\n--color-3-dark-1-darker: #827150;\n--color-3-dark-1-r: 144;\n--color-3-dark-1-g: 125;\n--color-3-dark-1-b: 89;\n--color-3-dark-1-contrast: white;\n--color-3-dark-1-contrast-darker: white;\n--color-3-dark-1-text-color: var(--body-alt-color);\n--color-3: #bfa065;\n--color-3-darker: #b69350;\n--color-3-r: 191;\n--color-3-g: 160;\n--color-3-b: 101;\n--color-3-contrast: white;\n--color-3-contrast-darker: white;\n--color-3-text-color: var(--body-alt-color);\n--color-3-light-1: #d2ba8d;\n--color-3-light-1-darker: #c8ab74;\n--color-3-light-1-r: 210;\n--color-3-light-1-g: 186;\n--color-3-light-1-b: 141;\n--color-3-light-1-contrast: black;\n--color-3-light-1-contrast-darker: white;\n--color-3-light-1-text-color: var(--body-color);\n--color-3-light-2: #e5d7ba;\n--color-3-light-2-darker: #dac69c;\n--color-3-light-2-r: 229;\n--color-3-light-2-g: 215;\n--color-3-light-2-b: 186;\n--color-3-light-2-contrast: black;\n--color-3-light-2-contrast-darker: black;\n--color-3-light-2-text-color: var(--body-color);\n--color-3-light-3: #f9f5ed;\n--color-3-light-3-darker: #ede1c9;\n--color-3-light-3-r: 249;\n--color-3-light-3-g: 245;\n--color-3-light-3-b: 237;\n--color-3-light-3-contrast: black;\n--color-3-light-3-contrast-darker: black;\n--color-3-light-3-text-color: var(--body-color);\n--color-4-base: #a2a6a1;\n--color-4-base-darker: #919690;\n--color-4-base-r: 162;\n--color-4-base-g: 166;\n--color-4-base-b: 161;\n--color-4-base-contrast: white;\n--color-4-base-contrast-darker: white;\n--color-4-base-text-color: var(--body-alt-color);\n--color-4-dark-3: #2b3329;\n--color-4-dark-3-darker: #272e25;\n--color-4-dark-3-r: 43;\n--color-4-dark-3-g: 51;\n--color-4-dark-3-b: 41;\n--color-4-dark-3-contrast: white;\n--color-4-dark-3-contrast-darker: white;\n--color-4-dark-3-text-color: var(--body-alt-color);\n--color-4-dark-2: #4f594d;\n--color-4-dark-2-darker: #475045;\n--color-4-dark-2-r: 79;\n--color-4-dark-2-g: 89;\n--color-4-dark-2-b: 77;\n--color-4-dark-2-contrast: white;\n--color-4-dark-2-contrast-darker: white;\n--color-4-dark-2-text-color: var(--body-alt-color);\n--color-4-dark-1: #778075;\n--color-4-dark-1-darker: #6b7369;\n--color-4-dark-1-r: 119;\n--color-4-dark-1-g: 128;\n--color-4-dark-1-b: 117;\n--color-4-dark-1-contrast: white;\n--color-4-dark-1-contrast-darker: white;\n--color-4-dark-1-text-color: var(--body-alt-color);\n--color-4: #a2a6a1;\n--color-4-darker: #919690;\n--color-4-r: 162;\n--color-4-g: 166;\n--color-4-b: 161;\n--color-4-contrast: white;\n--color-4-contrast-darker: white;\n--color-4-text-color: var(--body-alt-color);\n--color-4-light-1: #bdc1bc;\n--color-4-light-1-darker: #aaafa8;\n--color-4-light-1-r: 189;\n--color-4-light-1-g: 193;\n--color-4-light-1-b: 188;\n--color-4-light-1-contrast: black;\n--color-4-light-1-contrast-darker: white;\n--color-4-light-1-text-color: var(--body-color);\n--color-4-light-2: #d7dbd6;\n--color-4-light-2-darker: #c1c7bf;\n--color-4-light-2-r: 215;\n--color-4-light-2-g: 219;\n--color-4-light-2-b: 214;\n--color-4-light-2-contrast: black;\n--color-4-light-2-contrast-darker: black;\n--color-4-light-2-text-color: var(--body-color);\n--color-4-light-3: #f2f6f1;\n--color-4-light-3-darker: #d6e3d3;\n--color-4-light-3-r: 242;\n--color-4-light-3-g: 246;\n--color-4-light-3-b: 241;\n--color-4-light-3-contrast: black;\n--color-4-light-3-contrast-darker: black;\n--color-4-light-3-text-color: var(--body-color);\n--color-5-base: #ccd4c4;\n--color-5-base-darker: #b8c3ac;\n--color-5-base-r: 204;\n--color-5-base-g: 212;\n--color-5-base-b: 196;\n--color-5-base-contrast: black;\n--color-5-base-contrast-darker: black;\n--color-5-base-text-color: var(--body-color);\n--color-5-dark-3: #2e3329;\n--color-5-dark-3-darker: #292e25;\n--color-5-dark-3-r: 46;\n--color-5-dark-3-g: 51;\n--color-5-dark-3-b: 41;\n--color-5-dark-3-contrast: white;\n--color-5-dark-3-contrast-darker: white;\n--color-5-dark-3-text-color: var(--body-alt-color);\n--color-5-dark-2: #606958;\n--color-5-dark-2-darker: #565e4f;\n--color-5-dark-2-r: 96;\n--color-5-dark-2-g: 105;\n--color-5-dark-2-b: 88;\n--color-5-dark-2-contrast: white;\n--color-5-dark-2-contrast-darker: white;\n--color-5-dark-2-text-color: var(--body-alt-color);\n--color-5-dark-1: #959e8c;\n--color-5-dark-1-darker: #86907c;\n--color-5-dark-1-r: 149;\n--color-5-dark-1-g: 158;\n--color-5-dark-1-b: 140;\n--color-5-dark-1-contrast: white;\n--color-5-dark-1-contrast-darker: white;\n--color-5-dark-1-text-color: var(--body-alt-color);\n--color-5: #ccd4c4;\n--color-5-darker: #b8c3ac;\n--color-5-r: 204;\n--color-5-g: 212;\n--color-5-b: 196;\n--color-5-contrast: black;\n--color-5-contrast-darker: black;\n--color-5-text-color: var(--body-color);\n--color-5-light-1: #dae1d4;\n--color-5-light-1-darker: #c4cfba;\n--color-5-light-1-r: 218;\n--color-5-light-1-g: 225;\n--color-5-light-1-b: 212;\n--color-5-light-1-contrast: black;\n--color-5-light-1-contrast-darker: black;\n--color-5-light-1-text-color: var(--body-color);\n--color-5-light-2: #e9eee5;\n--color-5-light-2-darker: #d1dcc9;\n--color-5-light-2-r: 233;\n--color-5-light-2-g: 238;\n--color-5-light-2-b: 229;\n--color-5-light-2-contrast: black;\n--color-5-light-2-contrast-darker: black;\n--color-5-light-2-text-color: var(--body-color);\n--color-5-light-3: #f8fbf6;\n--color-5-light-3-darker: #ddecd4;\n--color-5-light-3-r: 248;\n--color-5-light-3-g: 251;\n--color-5-light-3-b: 246;\n--color-5-light-3-contrast: black;\n--color-5-light-3-contrast-darker: black;\n--color-5-light-3-text-color: var(--body-color);\n--white-contrast: var(--body-color);\n--shading-contrast: var(--body-alt-color);\n--bg-contrast: var(--body-alt-color);\n}</style><style id=\"typography\" typography=\"custom-page-typography-6\">\n        .u-body\n        {\n        --title-font-weight: 400;\n        --title-font-size: 4.5rem;\n        --title-line-height: 1.1;\n        --title-margin-top: 20px;\n        --title-margin-bottom: 20px;\n        --subtitle-font-weight: 400;\n        --subtitle-font-size: 2.25rem;\n        --subtitle-line-height: 1.1;\n        --subtitle-margin-top: 20px;\n        --subtitle-margin-bottom: 20px;\n        --h1-font-weight: 400;\n        --h1-font-size: 3rem;\n        --h1-line-height: 1.1;\n        --h1-margin-top: 20px;\n        --h1-margin-bottom: 20px;\n        --h2-font-weight: 400;\n        --h2-font-size: 2.25rem;\n        --h2-line-height: 1.1;\n        --h2-margin-top: 20px;\n        --h2-margin-bottom: 20px;\n        --h3-font-weight: 400;\n        --h3-font-size: 1.875rem;\n        --h3-line-height: 1.2;\n        --h3-margin-top: 20px;\n        --h3-margin-bottom: 20px;\n        --h4-font-weight: 400;\n        --h4-font-size: 1.5rem;\n        --h4-line-height: 1.2;\n        --h4-margin-top: 20px;\n        --h4-margin-bottom: 20px;\n        --h5-font-weight: 400;\n        --h5-font-size: 1.25rem;\n        --h5-line-height: 1.2;\n        --h5-margin-top: 20px;\n        --h5-margin-bottom: 20px;\n        --h6-font-weight: 400;\n        --h6-font-size: 1.125rem;\n        --h6-line-height: 1.2;\n        --h6-margin-top: 20px;\n        --h6-margin-bottom: 20px;\n        --largeText-font-size: 1.25rem;\n        --largeText-margin-top: 20px;\n        --largeText-margin-bottom: 20px;\n        --smallText-font-size: 0.875rem;\n        --smallText-margin-top: 20px;\n        --smallText-margin-bottom: 20px;\n        --text-margin-top: 20px;\n        --text-margin-bottom: 20px;\n        --hyperlink-color: var(--palette-1-base);\n        --hyperlink-alt-text-color: var(--palette-1-light-2);\n        --hyperlink-hover-color: var(--palette-1-base-darker);\n        --hyperlink-hover-alt-text-color: var(--grey-30-darker);\n        --button-margin-top: 20px;\n        --button-margin-bottom: 20px;\n        --button-background-color: var(--palette-1-base);\n        --button-color: var(--white);\n        --button-alt-background-color: var(--palette-1-light-2);\n        --button-alt-color: var(--black);\n        --button-hover-background-color: var(--palette-1-base-darker);\n        --button-hover-color: var(--white-darker);\n        --button-hover-alt-background-color: var(--palette-1-light-2-darker);\n        --button-hover-alt-color: var(--white);\n        --button-hover-background-color: var(--palette-1-base-darker);\n        --button-hover-color: var(--white-darker);\n        --button-hover-alt-background-color: var(--palette-1-light-2-darker);\n        --button-hover-alt-color: var(--white);\n        --button-active-background-color: var(--palette-1-base-darker);\n        --button-active-color: var(--white-darker);\n        --button-active-alt-background-color: var(--palette-1-light-2-darker);\n        --button-active-alt-color: var(--white);\n        --blockquote-font-style: italic;\n        --blockquote-padding-left: 20px;\n        --blockquote-border-width: 4px;\n        --blockquote-border-color: var(--palette-1-base);\n        --blockquote-margin-top: 20px;\n        --blockquote-margin-bottom: 20px;\n        --metadata-margin-top: 20px;\n        --metadata-margin-bottom: 20px;\n        --list-margin-top: 20px;\n        --list-margin-bottom: 20px;\n        --orderedlist-margin-top: 20px;\n        --orderedlist-margin-bottom: 20px;\n        --postContent-margin-top: 20px;\n        --postContent-margin-bottom: 20px;\n        --theme-sheet-width-xl: 1140px;\n        --theme-sheet-width-lg: 940px;\n        --theme-sheet-width-md: 720px;\n        --theme-sheet-width-sm: 540px;\n        --theme-sheet-width-xs: 340px;\n        --theme-background-image: url(\"https://pixabay.com/get/g25a6adae3d662e355d97cd45ffd540c5bb4b289487fe9df15d39607b58477c42e0869db662b1f38ac5d99f7300a120126b702385a6affa30a4514ad6073695dc_1280.jpg\");\n        --theme-background-size: cover;\n        --theme-background-position: 50% 50%;\n        --theme-background-repeat: no-repeat;\n        --theme-background-attachment: fixed;\n        --title-font-size-sm: 3.75rem;\n        --title-font-size-xs: 3rem;\n        --subtitle-font-size-xs: 1.5rem;\n        --h1-font-size-xs: 1.875rem;\n        --h2-font-size-xs: 1.5rem;\n        --h3-font-size-xs: 1.5rem;\n        }\n\n        /** common-rules **/\n        h1.u-title\n        {\n        font-weight: var(--title-font-weight);\n        font-size: var(--title-font-size);\n        line-height: var(--title-line-height);\n        margin-top: var(--title-margin-top);\n        margin-bottom: var(--title-margin-bottom);\n        }\n        h2.u-subtitle\n        {\n        font-weight: var(--subtitle-font-weight);\n        font-size: var(--subtitle-font-size);\n        line-height: var(--subtitle-line-height);\n        margin-top: var(--subtitle-margin-top);\n        margin-bottom: var(--subtitle-margin-bottom);\n        }\n        h1:not(.u-title)\n        {\n        font-weight: var(--h1-font-weight);\n        font-size: var(--h1-font-size);\n        line-height: var(--h1-line-height);\n        margin-top: var(--h1-margin-top);\n        margin-bottom: var(--h1-margin-bottom);\n        }\n        h2:not(.u-subtitle)\n        {\n        font-weight: var(--h2-font-weight);\n        font-size: var(--h2-font-size);\n        line-height: var(--h2-line-height);\n        margin-top: var(--h2-margin-top);\n        margin-bottom: var(--h2-margin-bottom);\n        }\n        h3\n        {\n        font-weight: var(--h3-font-weight);\n        font-size: var(--h3-font-size);\n        line-height: var(--h3-line-height);\n        margin-top: var(--h3-margin-top);\n        margin-bottom: var(--h3-margin-bottom);\n        }\n        h4\n        {\n        font-weight: var(--h4-font-weight);\n        font-size: var(--h4-font-size);\n        line-height: var(--h4-line-height);\n        margin-top: var(--h4-margin-top);\n        margin-bottom: var(--h4-margin-bottom);\n        }\n        h5\n        {\n        font-weight: var(--h5-font-weight);\n        font-size: var(--h5-font-size);\n        line-height: var(--h5-line-height);\n        margin-top: var(--h5-margin-top);\n        margin-bottom: var(--h5-margin-bottom);\n        }\n        h6\n        {\n        font-weight: var(--h6-font-weight);\n        font-size: var(--h6-font-size);\n        line-height: var(--h6-line-height);\n        margin-top: var(--h6-margin-top);\n        margin-bottom: var(--h6-margin-bottom);\n        }\n        p.u-large-text\n        {\n        font-size: var(--largeText-font-size);\n        margin-top: var(--largeText-margin-top);\n        margin-bottom: var(--largeText-margin-bottom);\n        }\n        p.u-small-text\n        {\n        font-size: var(--smallText-font-size);\n        margin-top: var(--smallText-margin-top);\n        margin-bottom: var(--smallText-margin-bottom);\n        }\n        p:not(.u-text-variant)\n        {\n        margin-top: var(--text-margin-top);\n        margin-bottom: var(--text-margin-bottom);\n        }\n        .u-btn\n        {\n        margin-top: var(--button-margin-top);\n        margin-bottom: var(--button-margin-bottom);\n        }\n        blockquote\n        {\n        font-style: var(--blockquote-font-style);\n        padding-left: var(--blockquote-padding-left);\n        border-width: var(--blockquote-border-width);\n        margin-top: var(--blockquote-margin-top);\n        margin-bottom: var(--blockquote-margin-bottom);\n        }\n        .u-metadata\n        {\n        margin-top: var(--metadata-margin-top);\n        margin-bottom: var(--metadata-margin-bottom);\n        }\n        ul:not(.u-unstyled)\n        {\n        margin-top: var(--list-margin-top);\n        margin-bottom: var(--list-margin-bottom);\n        }\n        ol\n        {\n        margin-top: var(--orderedlist-margin-top);\n        margin-bottom: var(--orderedlist-margin-bottom);\n        }\n        .u-post-content\n        {\n        margin-top: var(--postContent-margin-top);\n        margin-bottom: var(--postContent-margin-bottom);\n        }\n        .u-body\n        {\n        background-image: var(--theme-background-image);\n        background-size: var(--theme-background-size);\n        background-position: var(--theme-background-position);\n        background-repeat: var(--theme-background-repeat);\n        background-attachment: var(--theme-background-attachment);\n        }\n        /** common-rules **/\n\n        /** publish-rules **/\n        /*begin-media rules*/\n        @media (max-width: 767px) {\n        h1.u-title\n        {\n        font-size: var(--title-font-size-sm);\n        }\n        }\n        @media (max-width: 575px) {\n        h1.u-title\n        {\n        font-size: var(--title-font-size-xs);\n        }\n        }\n        @media (max-width: 575px) {\n        h2.u-subtitle\n        {\n        font-size: var(--subtitle-font-size-xs);\n        }\n        }\n        @media (max-width: 575px) {\n        h1:not(.u-title)\n        {\n        font-size: var(--h1-font-size-xs);\n        }\n        }\n        @media (max-width: 575px) {\n        h2:not(.u-subtitle)\n        {\n        font-size: var(--h2-font-size-xs);\n        }\n        }\n        @media (max-width: 575px) {\n        h3\n        {\n        font-size: var(--h3-font-size-xs);\n        }\n        }\n        /*end-media rules*/\n        /** publish-rules **/\n\n        \n\n        /** cms-rules **/\n        /*begin-responsive rules*/\n        .u-sm h1.u-title\n        {\n        font-size: var(--title-font-size-sm);\n        }\n        .u-xs h1.u-title\n        {\n        font-size: var(--title-font-size-xs);\n        }\n        .u-xs h2.u-subtitle\n        {\n        font-size: var(--subtitle-font-size-xs);\n        }\n        .u-xs h1:not(.u-title)\n        {\n        font-size: var(--h1-font-size-xs);\n        }\n        .u-xs h2:not(.u-subtitle)\n        {\n        font-size: var(--h2-font-size-xs);\n        }\n        .u-xs h3\n        {\n        font-size: var(--h3-font-size-xs);\n        }\n        /*end-responsive rules*/\n        /** cms-rules **/\n\n        /** color-rules **/\n        .u-overlap.u-overlap-transparent:not(.u-overlap-contrast) .u-header :not(.u-nav-item) > a,\n        .u-gradient > .u-container-layout > a,\n        .u-image:not(.u-shading) > .u-container-layout > a,\n        a\n        {\n        color: var(--hyperlink-color);\n        }\n        .u-overlap.u-overlap-transparent:not(.u-overlap-contrast) .u-header :not(.u-nav-item) > a:hover,\n        .u-gradient > .u-container-layout > a:hover,\n        .u-image:not(.u-shading) > .u-container-layout > a:hover,\n        a:hover\n        {\n        color: var(--hyperlink-hover-color);\n        }\n        .u-overlap.u-overlap-transparent:not(.u-overlap-contrast) .u-header :not(.u-nav-item) > .u-btn,\n        .u-gradient > .u-container-layout > .u-btn,\n        .u-image:not(.u-shading) > .u-container-layout > .u-btn,\n        .u-btn\n        {\n        background-color: var(--button-background-color);\n        color: var(--button-color);\n        }\n        .u-overlap.u-overlap-transparent:not(.u-overlap-contrast) .u-header :not(.u-nav-item) > .u-btn:hover,\n        .u-gradient > .u-container-layout > .u-btn:hover,\n        .u-image:not(.u-shading) > .u-container-layout > .u-btn:hover,\n        .u-btn:hover\n        {\n        background-color: var(--button-hover-background-color);\n        color: var(--button-hover-color);\n        }\n        .u-overlap.u-overlap-transparent:not(.u-overlap-contrast) .u-header :not(.u-nav-item) > .u-btn:focus,\n        .u-gradient > .u-container-layout > .u-btn:focus,\n        .u-image:not(.u-shading) > .u-container-layout > .u-btn:focus,\n        .u-btn:focus\n        {\n        background-color: var(--button-hover-background-color);\n        color: var(--button-hover-color);\n        }\n        .u-overlap.u-overlap-transparent:not(.u-overlap-contrast) .u-header :not(.u-nav-item) > .u-btn:active,\n        .u-gradient > .u-container-layout > .u-btn:active,\n        .u-image:not(.u-shading) > .u-container-layout > .u-btn:active,\n        .u-btn:active\n        {\n        background-color: var(--button-active-background-color);\n        color: var(--button-active-color);\n        }\n        .u-overlap.u-overlap-transparent:not(.u-overlap-contrast) .u-header :not(.u-nav-item) > blockquote,\n        .u-gradient > .u-container-layout > blockquote,\n        .u-image:not(.u-shading) > .u-container-layout > blockquote,\n        blockquote\n        {\n        border-color: var(--blockquote-border-color);\n        }\n        /** color-rules **/\n\n        /** alt-color-rules **/\n        .u-body-color a,.u-bg-color a,.u-palette-1-base a,.u-palette-1-dark-3 a,.u-palette-1-dark-2 a,.u-palette-1-dark-1 a,.u-palette-1 a,.u-palette-2-base a,.u-palette-2-dark-3 a,.u-palette-2-dark-2 a,.u-palette-2-dark-1 a,.u-palette-2 a,.u-palette-3-base a,.u-palette-3-dark-3 a,.u-palette-3-dark-2 a,.u-palette-3-dark-1 a,.u-palette-3 a,.u-palette-4-base a,.u-palette-4-dark-3 a,.u-palette-4-dark-2 a,.u-palette-4-dark-1 a,.u-palette-4 a,.u-palette-5-dark-3 a,.u-palette-5-dark-2 a,.u-palette-5-dark-1 a,.u-grey-40 a,.u-grey-30 a,.u-grey-90 a,.u-grey-80 a,.u-grey-75 a,.u-black a,.u-grey-70 a,.u-grey-60 a,.u-grey-50 a,.u-grey-dark-3 a,.u-grey-dark-2 a,.u-grey-dark-1 a,.u-grey a,.u-shading a,.u-overlap-contrast .u-header a:not(.u-nav-link):not(.u-btn)\n        {\n        color: var(--hyperlink-alt-text-color);\n        }\n        .u-body-color a:hover,.u-bg-color a:hover,.u-palette-1-base a:hover,.u-palette-1-dark-3 a:hover,.u-palette-1-dark-2 a:hover,.u-palette-1-dark-1 a:hover,.u-palette-1 a:hover,.u-palette-2-base a:hover,.u-palette-2-dark-3 a:hover,.u-palette-2-dark-2 a:hover,.u-palette-2-dark-1 a:hover,.u-palette-2 a:hover,.u-palette-3-base a:hover,.u-palette-3-dark-3 a:hover,.u-palette-3-dark-2 a:hover,.u-palette-3-dark-1 a:hover,.u-palette-3 a:hover,.u-palette-4-base a:hover,.u-palette-4-dark-3 a:hover,.u-palette-4-dark-2 a:hover,.u-palette-4-dark-1 a:hover,.u-palette-4 a:hover,.u-palette-5-dark-3 a:hover,.u-palette-5-dark-2 a:hover,.u-palette-5-dark-1 a:hover,.u-grey-40 a:hover,.u-grey-30 a:hover,.u-grey-90 a:hover,.u-grey-80 a:hover,.u-grey-75 a:hover,.u-black a:hover,.u-grey-70 a:hover,.u-grey-60 a:hover,.u-grey-50 a:hover,.u-grey-dark-3 a:hover,.u-grey-dark-2 a:hover,.u-grey-dark-1 a:hover,.u-grey a:hover\n        {\n        color: var(--hyperlink-hover-alt-text-color);\n        }\n        .u-body-color .u-btn,.u-bg-color .u-btn,.u-palette-1-base .u-btn,.u-palette-1-dark-3 .u-btn,.u-palette-1-dark-2 .u-btn,.u-palette-1-dark-1 .u-btn,.u-palette-1 .u-btn,.u-palette-2-base .u-btn,.u-palette-2-dark-3 .u-btn,.u-palette-2-dark-2 .u-btn,.u-palette-2-dark-1 .u-btn,.u-palette-2 .u-btn,.u-palette-3-base .u-btn,.u-palette-3-dark-3 .u-btn,.u-palette-3-dark-2 .u-btn,.u-palette-3-dark-1 .u-btn,.u-palette-3 .u-btn,.u-palette-4-base .u-btn,.u-palette-4-dark-3 .u-btn,.u-palette-4-dark-2 .u-btn,.u-palette-4-dark-1 .u-btn,.u-palette-4 .u-btn,.u-palette-5-dark-3 .u-btn,.u-palette-5-dark-2 .u-btn,.u-palette-5-dark-1 .u-btn,.u-grey-40 .u-btn,.u-grey-30 .u-btn,.u-grey-90 .u-btn,.u-grey-80 .u-btn,.u-grey-75 .u-btn,.u-black .u-btn,.u-grey-70 .u-btn,.u-grey-60 .u-btn,.u-grey-50 .u-btn,.u-grey-dark-3 .u-btn,.u-grey-dark-2 .u-btn,.u-grey-dark-1 .u-btn,.u-grey .u-btn,.u-shading .u-btn,.u-overlap-contrast .u-header .u-btn\n        {\n        background-color: var(--button-alt-background-color);\n        color: var(--button-alt-color);\n        }\n        .u-body-color .u-btn:hover,.u-bg-color .u-btn:hover,.u-palette-1-base .u-btn:hover,.u-palette-1-dark-3 .u-btn:hover,.u-palette-1-dark-2 .u-btn:hover,.u-palette-1-dark-1 .u-btn:hover,.u-palette-1 .u-btn:hover,.u-palette-2-base .u-btn:hover,.u-palette-2-dark-3 .u-btn:hover,.u-palette-2-dark-2 .u-btn:hover,.u-palette-2-dark-1 .u-btn:hover,.u-palette-2 .u-btn:hover,.u-palette-3-base .u-btn:hover,.u-palette-3-dark-3 .u-btn:hover,.u-palette-3-dark-2 .u-btn:hover,.u-palette-3-dark-1 .u-btn:hover,.u-palette-3 .u-btn:hover,.u-palette-4-base .u-btn:hover,.u-palette-4-dark-3 .u-btn:hover,.u-palette-4-dark-2 .u-btn:hover,.u-palette-4-dark-1 .u-btn:hover,.u-palette-4 .u-btn:hover,.u-palette-5-dark-3 .u-btn:hover,.u-palette-5-dark-2 .u-btn:hover,.u-palette-5-dark-1 .u-btn:hover,.u-grey-40 .u-btn:hover,.u-grey-30 .u-btn:hover,.u-grey-90 .u-btn:hover,.u-grey-80 .u-btn:hover,.u-grey-75 .u-btn:hover,.u-black .u-btn:hover,.u-grey-70 .u-btn:hover,.u-grey-60 .u-btn:hover,.u-grey-50 .u-btn:hover,.u-grey-dark-3 .u-btn:hover,.u-grey-dark-2 .u-btn:hover,.u-grey-dark-1 .u-btn:hover,.u-grey .u-btn:hover,.u-shading .u-btn:hover,.u-overlap-contrast .u-header .u-btn:hover\n        {\n        background-color: var(--button-hover-alt-background-color);\n        color: var(--button-hover-alt-color);\n        }\n        .u-body-color .u-btn:active,.u-bg-color .u-btn:active,.u-palette-1-base .u-btn:active,.u-palette-1-dark-3 .u-btn:active,.u-palette-1-dark-2 .u-btn:active,.u-palette-1-dark-1 .u-btn:active,.u-palette-1 .u-btn:active,.u-palette-2-base .u-btn:active,.u-palette-2-dark-3 .u-btn:active,.u-palette-2-dark-2 .u-btn:active,.u-palette-2-dark-1 .u-btn:active,.u-palette-2 .u-btn:active,.u-palette-3-base .u-btn:active,.u-palette-3-dark-3 .u-btn:active,.u-palette-3-dark-2 .u-btn:active,.u-palette-3-dark-1 .u-btn:active,.u-palette-3 .u-btn:active,.u-palette-4-base .u-btn:active,.u-palette-4-dark-3 .u-btn:active,.u-palette-4-dark-2 .u-btn:active,.u-palette-4-dark-1 .u-btn:active,.u-palette-4 .u-btn:active,.u-palette-5-dark-3 .u-btn:active,.u-palette-5-dark-2 .u-btn:active,.u-palette-5-dark-1 .u-btn:active,.u-grey-40 .u-btn:active,.u-grey-30 .u-btn:active,.u-grey-90 .u-btn:active,.u-grey-80 .u-btn:active,.u-grey-75 .u-btn:active,.u-black .u-btn:active,.u-grey-70 .u-btn:active,.u-grey-60 .u-btn:active,.u-grey-50 .u-btn:active,.u-grey-dark-3 .u-btn:active,.u-grey-dark-2 .u-btn:active,.u-grey-dark-1 .u-btn:active,.u-grey .u-btn:active,.u-shading .u-btn:active,.u-overlap-contrast .u-header .u-btn:active\n        {\n        background-color: var(--button-active-alt-background-color);\n        color: var(--button-active-alt-color);\n        }\n        /** alt-color-rules **/\n    </style><style id=\"font-scheme\" font-scheme=\"Roboto-OpenSans\" heading-font=\"Roboto,sans-serif\" text-font=\"'Open Sans',sans-serif\">.u-body {\n   --text-font: 'Open Sans',sans-serif;\n   --heading-font: Roboto,sans-serif;\n}</style>","appVersion":"5.2.4","publicUrl":null,"customDomainUrl":null,"datePublished":null,"isTrial":true,"serverSiteId":0}